example_id,tweet_id,customer_text,context,candidate_intent,Final_intent,annotator_notes,audit_decision,audited_final_intent,audit_reason,final_intent
1,248734,"@AppleSupport my phone keeps turning brightness up, wifi on, and bluetooth on. My phone died and wouldnt turn on for a while. ios 11 👎🏼",,connectivity_problem,connectivity_problem,ios_update_problem,CHANGE,other_unknown,Multiple unrelated behaviors and temporary power-on issue; no single frozen intent is clearly primary.,other_unknown
2,258935,"@AppleSupport I have an Apple ID, but when I try to setup two-Factor authentication, it shows +237 Cameroon but refuse all our 9-digit numbers.",@177561 We can help out. We'd need to get you to our Apple ID experts. They can be reached here:  https://t.co/UJm15vmMM2 https://t.co/GDrqU22YpT,apple_id_account_problem,apple_id_account_problem,,KEEP,apple_id_account_problem,,apple_id_account_problem
3,81797,@AppleSupport hi ! Can we have my battery health on my iPhone 6 checked ?,,battery_problem,battery_problem,,KEEP,battery_problem,,battery_problem
4,243339,"IOS 11 tam bir fiyasko; batarya erken bitiyor, tepkiler yavaşladı, bi çok kararsızlık var. Android’den farkı kalmadı... @AppleSupport",,ios_update_problem,ios_update_problem,,CHANGE,battery_problem,Battery drain is an explicit primary symptom; iOS 11 is the cause/context.,battery_problem
5,262206,@115858 this new update is horrible. I can’t even change my music when I’m on my lock screen... Makes for walking and running annoying...,,hardware_device_problem,hardware_device_problem,,CHANGE,other_unknown,"Update is mentioned, but the actual complaint is a lock-screen media-control behavior that does not map cleanly to the frozen taxonomy.",other_unknown
6,41624,@AppleSupport It is just a black screen but when I use the Twitter app it works fine. Reset the phone and latest update didn’t fix it,@125158 We'd be happy to look into your camera issue with you. Please let us know a bit more about what's going on.,app_problem,app_problem,,CHANGE,app_problem,Context identifies a camera issue; the camera-specific malfunction is the support need.,app_problem
7,211321,Damnit @115858! You’re latest “fix” has screwed up my camera on the most important week!!! Pictures are not saving to camera. Stupid!,,icloud_media_storage_problem,icloud_media_storage_problem,,CHANGE,app_problem,Camera is malfunctioning and pictures are not saving; no iCloud symptom is stated.,app_problem
8,151504,@AppleSupport i want to update my payment method but it keeps saying the date cant be in the past when its well in the future.,,ios_update_problem,ios_update_problem,,CHANGE,purchase_order_billing,"The problem is updating a payment method, not an OS update.",purchase_order_billing
9,53534,"Since I️ update my phone yesterday, I️ cannot type “I’s”. I’m hurt by @115858’s constant betrayal to reel me in, just to sabotage in the end.",,ios_update_problem,ios_update_problem,,CHANGE,keyboard_input_problem,The customer cannot type a specific character; this is a text-input/keyboard issue.,keyboard_input_problem
10,31871,@AppleSupport please do something about iOS 11's battery drain issue. I literally have my iPhone 6 plugged in and it's still losing power.,,battery_problem,battery_problem,,KEEP,battery_problem,,battery_problem
11,246334,"@AppleSupport Sorry, I figured it out :) It just took some extra time for them to show up in Apple Photos.","@174517 We're happy to help. Can you view the photos on the device you took them with, or is that where you're unable to see them?",icloud_media_storage_problem,icloud_media_storage_problem,,KEEP,icloud_media_storage_problem,,icloud_media_storage_problem
12,243335,@115858 @AppleSupport @116333 appalling telephone customer service. So shocking in fact; I cancelled my £2000 order. #NeverAgain,,purchase_order_billing,purchase_order_billing,,KEEP,purchase_order_billing,,purchase_order_billing
13,109082,"@AppleSupport any reason why my back camera won’t focus all of a sudden? Wondering if it’s just me, update didn’t help",,ios_update_problem,ios_update_problem,,CHANGE,hardware_device_problem,Rear camera focus failure is a device hardware/functionality problem; the update is only a failed attempted fix.,hardware_device_problem
14,51628,"@AppleSupport hey..um my bookmarks and reading list are all gone and i didn’t connect them to icloud, is there any way to get them back?",,icloud_media_storage_problem,icloud_media_storage_problem,,KEEP,icloud_media_storage_problem,,icloud_media_storage_problem
15,122349,"Hi @AppleSupport I have some problems with my iPhone X order and shippingCan u help me?",,purchase_order_billing,purchase_order_billing,,KEEP,purchase_order_billing,,purchase_order_billing
16,92751,"hey @115858 , where is my iPhoneX?

I'm waiting for a long time, really considering, cancel the order, sell my appleWatch and buy an Android terminal.",,purchase_order_billing,purchase_order_billing,,KEEP,purchase_order_billing,,purchase_order_billing
17,146688,@115858 y’all gotta fix my keyboard it’s tweaking like hell,,keyboard_input_problem,keyboard_input_problem,,KEEP,keyboard_input_problem,,keyboard_input_problem
18,43353,Why is my phone still freezing like that’s its job? @AppleSupport,,device_performance_crash,device_performance_crash,,KEEP,device_performance_crash,,device_performance_crash
19,206687,@115858 i don't like that my phone automatically gets super bright when i'm trying to text in class — fix this,,messaging_facetime_problem,messaging_facetime_problem,,CHANGE,other_unknown,Automatic brightness is a display/settings behavior and does not fit a frozen intent.,other_unknown
20,15722,"6 years later I still can’t access Contacts on iCloud, what do we need to do to finally get this fixed, @AppleSupport? //cc @119462 https://t.co/EP9KWcig3M",,icloud_media_storage_problem,icloud_media_storage_problem,,KEEP,icloud_media_storage_problem,,icloud_media_storage_problem
21,92872,@AppleSupport @136106 I paid full price to use your app and now it’s not working?,,app_problem,app_problem,,KEEP,app_problem,,app_problem
22,87214,@AppleSupport i signed out of my apple id on my phone &amp; when i signed back in tons of my music wasnt in my library/no longer downloaded &amp; my playlists were gone. i have an apple music membership. everything on my computer stayed the same however. how do i get it back to normal??,,apple_id_account_problem,apple_id_account_problem,,KEEP,apple_id_account_problem,,apple_id_account_problem
23,75206,@115858 why does my iPhone 7 ever since it updated constantly freeze and have issues with all my apps #intentionallyslowingmyiphone,,device_performance_crash,device_performance_crash,,KEEP,device_performance_crash,,device_performance_crash
24,35257,"@AppleSupport If I open Safari, for example, a message appears which says that there is no internet connection.",@123683 We can help you. Could you tell us what happens when you try to connect to the Internet? Do you get an error message?,messaging_facetime_problem,messaging_facetime_problem,,CHANGE,connectivity_problem,Safari reports no internet connection; connectivity is the primary issue.,connectivity_problem
25,181417,@AppleSupport I just got a new iPhone but my pictures aren’t downloading from my old one...what do I do??,,icloud_media_storage_problem,icloud_media_storage_problem,,KEEP,icloud_media_storage_problem,,icloud_media_storage_problem
26,216094,@AppleSupport It’s usually just the keyboard and touch screen seizing. It seems to only happen when I’m outside. It usually results in the inability to press the screen or inaccuracy when touching the screen. The side button works fine to turn the screen off or activate Siri.,"@167374 Got it, thanks. Do you notice this behavior with specific apps? Also, does your screen respond to button presses? For example, does holding down the Home button activate Siri, and do you get the option to power off when pressing the Sleep/Wake button?",keyboard_input_problem,keyboard_input_problem,,CHANGE,hardware_device_problem,Touchscreen seizure/inability to press the screen is the primary device hardware symptom; keyboard is secondary.,hardware_device_problem
27,145180,@AppleSupport No sir I don’t see this kind of message .,@148894 We can help look into your battery with you to see how it's doing. The iPhone has the ability to self-diagnose some battery concerns. Do you see this service battery message? https://t.co/KyywFa9iZ3,messaging_facetime_problem,messaging_facetime_problem,,CHANGE,battery_problem,Context is explicitly about a battery service warning; this is a context-only battery follow-up.,battery_problem
28,145267,@AppleSupport Thanks for answer. Look at the picture please. The text of the notification doesn’t fit in the box. Why?,@148928 We offer support via Twitter in English. Contact us for help in your preferred language here: https://t.co/IBIY3vMgPj,icloud_media_storage_problem,icloud_media_storage_problem,,CHANGE,other_unknown,Notification text/layout problem does not fit the frozen taxonomy.,other_unknown
29,39651,@AppleSupport Since the update yesterday my touch screen will stop working periodically. It will be working fine then stop for multiple minutes,@124677 We want you to have a smooth update experience. What exactly is happening with your touch screen?,hardware_device_problem,hardware_device_problem,,KEEP,hardware_device_problem,,hardware_device_problem
30,215350,@AppleSupport Can I damage my Apple cord or what ever is in the lighting cord plug by yanking it?,,hardware_device_problem,hardware_device_problem,,KEEP,hardware_device_problem,,hardware_device_problem
31,246502,@AppleSupport why can’t I change songs on my Apple watch or in the control center or even the lock screen,,apple_watch_problem,apple_watch_problem,,KEEP,apple_watch_problem,,apple_watch_problem
32,247086,"@AppleSupport please do something about these constant prompts for AppleID Verification, they're driving me nuts.",,apple_id_account_problem,apple_id_account_problem,,KEEP,apple_id_account_problem,,apple_id_account_problem
33,14869,@AppleSupport add me to the list of the people having the “question box” autocorrect thing. Running the most current iOS on an iPhone8+.,,keyboard_input_problem,keyboard_input_problem,,KEEP,keyboard_input_problem,,keyboard_input_problem
34,216089,"@AppleSupport So my IPhone 7 updated to iOS 11 all on its own. I didn’t want it. I’m not sure what’s wrong with my photos but now they don’t want to load to my messages, etc, bc they’re apparently in the cloud. I updated to 11.1.1 hoping for a fix but it’s actually worse.",,icloud_media_storage_problem,icloud_media_storage_problem,,CHANGE,icloud_media_storage_problem,The concrete problem is photos not loading because they are in iCloud; update is causal context.,icloud_media_storage_problem
35,8304,@116333 @115858  can your team let me know why my new iPhone 6 always has hanging problem I do not know what the problem is by I know I feel I am cheated by apple for phone 📱 do I ?,,device_performance_crash,device_performance_crash,,KEEP,device_performance_crash,,device_performance_crash
36,120620,@AppleSupport I can not close apps while on my iphoneX (during an active call),,connectivity_problem,connectivity_problem,,CHANGE,other_unknown,Question about closing apps during an active call is a UI/how-to issue not represented by the frozen taxonomy.,other_unknown
37,92674,"my iphone6 spent about 2 hours in close proximity with an iphoneX and now its almost completely broken... cant open snapchat, microphone and camera dont work, keeps closing out of apps..... @115858 ....... i see u, ur not fooling me",,hardware_device_problem,hardware_device_problem,,CHANGE,device_performance_crash,Multiple apps/system functions fail and close; no physical damage is described.,device_performance_crash
38,168871,"@AppleSupport hello, just wondering how to close apps on the IPhone X. On the 7 I just double tap the home button and swipe up.. what’s the method to do that on the X? Thx!",,hardware_device_problem,hardware_device_problem,,CHANGE,other_unknown,"This is a how-to question about closing apps, not a hardware failure.",other_unknown
39,252898,@AppleSupport I don’t understand what’s wrong with my phone after the update.. facing lots of problems even after 11.0.2 update. Please help,,ios_update_problem,ios_update_problem,,KEEP,ios_update_problem,,ios_update_problem
40,56981,@AppleSupport That’s still more steps than before. You can’t tap on “Done” until after you open the picture up from the bottom left of the screen either 👎,"@128906 We'd like to help. You can tap on ""Done"""" to immediately save a screenshot without edits: https://t.co/rv9TRgCtbC""",icloud_media_storage_problem,icloud_media_storage_problem,,CHANGE,other_unknown,Screenshot workflow/UI behavior does not fit the frozen taxonomy.,other_unknown
41,162739,@115858 All of my pictures mysteriously disappeared from my phone. Help ME!,,icloud_media_storage_problem,icloud_media_storage_problem,,KEEP,icloud_media_storage_problem,,icloud_media_storage_problem
42,148284,@AppleSupport hi do you do additional memory for Ipad3? Thanks,,other_unknown,other_unknown,,KEEP,other_unknown,,other_unknown
43,234999,@AppleSupport Installing .2 now and will get data on my walk home today to update battery usage.,"@AppleSupport 11.0.1 at the time of reporting. Just saw .2 was available (wasn't at 8a PDT today). I've restarted, killed background apps, upgraded apps",battery_problem,battery_problem,,KEEP,battery_problem,,battery_problem
44,148086,@AppleSupport two times they send me this fake email to steal my account https://t.co/FQCTA1Jp83,,apple_id_account_problem,apple_id_account_problem,,KEEP,apple_id_account_problem,,apple_id_account_problem
45,10683,@AppleSupport Baje la App de @701 la cual es gratuita y me llego un cargo de $18.11 Pesos ¿cuál es el motivo?,,app_problem,app_problem,,CHANGE,purchase_order_billing,The actual complaint is an unexpected charge for an app; billing takes priority over app malfunction.,purchase_order_billing
46,17351,@AppleSupport @118721 https://t.co/1mCyCovQam,,other_unknown,other_unknown,,KEEP,other_unknown,,other_unknown
47,261763,"MBP not requiring password during screen saver, ignoring setting, on High Sierra. Anyone else seeing this? cc @AppleSupport",,apple_id_account_problem,apple_id_account_problem,,CHANGE,other_unknown,A Mac password/screen-saver setting issue does not clearly fit account access or another frozen intent.,other_unknown
48,32401,Hey @AppleSupport I heard I can change my Apple ID to my @798 email but when I try it says nope. What gives? Spent an hour signing out &amp; in.,,apple_id_account_problem,apple_id_account_problem,,KEEP,apple_id_account_problem,,apple_id_account_problem
49,118117,"@115858 iOS 11 is messed up, now my phone is freezing so much",,device_performance_crash,device_performance_crash,,KEEP,device_performance_crash,,device_performance_crash
50,228506,@AppleSupport Other people messages,"@170472 We'd like to take a look at this with you. To clarify, do you still see the issue when you're typing, or do you only see it with other people's messages?",messaging_facetime_problem,messaging_facetime_problem,,CHANGE,other_unknown,'Other people messages' is insufficient context; the support intent cannot be determined reliably.,other_unknown
51,242750,Mobile hang and not working properly suddenly app was hide its a very disgusting usage i get after ios 11 update @115858 @AppleSupport,,app_problem,app_problem,,CHANGE,device_performance_crash,The message describes the mobile/device hanging after an update; the app wording is too unclear to establish a specific-app problem.,device_performance_crash
52,164193,"@AppleSupport i’ll try this update, thank you","@154028 iOS 11.1.2 is available. Let's update to the latest release to see if the issue still occurs. Please be sure that you have a current backup before during so. For more info, check out: https://t.co/4f8hwT5to6",ios_update_problem,ios_update_problem,,CHANGE,other_unknown,This is a context-dependent acknowledgment/decision to try an update; it does not itself state an update problem.,other_unknown
53,53541,@AppleSupport Updated my Apple Watch this morning and now I'm not getting any notifications besides incoming calls. Halp...,,apple_watch_problem,apple_watch_problem,,KEEP,apple_watch_problem,,apple_watch_problem
54,9189,"@AppleSupport My screen is lagging, my apps are all glitching, your new screen updates are slowing my processsing speed down. Y’all are killin me fr yo",@117651 You've come to the right place. What seems to be going on with your phone?,hardware_device_problem,hardware_device_problem,,CHANGE,device_performance_crash,"Screen lagging and multiple apps glitching indicates system-wide performance issues, not hardware damage.",device_performance_crash
55,244188,@AppleSupport The app is called Downloads,@174000 We want you to enjoy your favorite Music. Let us know what app you're using and the exact issue to get started.,app_problem,app_problem,,KEEP,app_problem,,app_problem
56,11122,@AppleSupport @118101 would love to know why my pictures look like this when I take a picture 😡 https://t.co/yVpQKCBzFu,,icloud_media_storage_problem,icloud_media_storage_problem,,CHANGE,app_problem,"The complaint is about how photos look when taken; camera behavior is the specific app/function involved, not iCloud.",app_problem
57,188473,Forced to update my phone and now it’s super slow... wtf @115858,,device_performance_crash,device_performance_crash,,CHANGE,device_performance_crash,The explicit symptom is the phone becoming very slow after an update; update is causal context.,device_performance_crash
58,245969,Anyone having issues sending iMessages over Cellular Data after going to 11.0.2 @AppleSupport,,connectivity_problem,connectivity_problem,,KEEP,connectivity_problem,,connectivity_problem
59,159585,"@AppleSupport looks like am not only one having this issue! Stuck on verifying update, brand new phone today! Followed troubleshoot guide? https://t.co/WjTc4yDn8i",,ios_update_problem,ios_update_problem,,KEEP,ios_update_problem,,ios_update_problem
60,37672,"@AppleSupport i have never tried on Mobile data. the problem does persist on all Wi-Fi networks (open and private) that my iphone 5s has connected to, the music app would crash and close soon after i open it.",@124180 We'd like to help. Is this happening on cellular as well? Does it happen on all Wi-Fi networks?,connectivity_problem,connectivity_problem,,KEEP,connectivity_problem,,connectivity_problem
61,17307,"in a matter of 4 hours i had to make 3 hard resets on my phone, i just made 2 hard resets on this phone’s life before iOS 11. fix this @115858 @AppleSupport",,ios_update_problem,ios_update_problem,,CHANGE,other_unknown,Repeated hard resets are described but the underlying symptom is not specified in the isolated message.,other_unknown
62,27504,@AppleSupport Yes i am able to update them using cellular data. And yes i update all of them at once,"@122018 We understand how important it is to keep your apps up to date. So we're clear, are you trying to update all or one at a time? Are you able to update using cellular data?",connectivity_problem,connectivity_problem,,CHANGE,other_unknown,This is a confirmation about updating apps using cellular data; no actual connectivity problem is stated.,other_unknown
63,143522,@AppleSupport No error or anything. But you can see how quickly the batter has died since the last full charge. I don’t know what to do :( https://t.co/bC2DRo4HUC,"@148423 We'll help in any way we can. Are you getting an error message when trying to charge? At Settings &gt; Battery, are you seeing any kind of warning about the battery needing service?",battery_problem,battery_problem,,KEEP,battery_problem,,battery_problem
64,36016,@115858 @AppleSupport that's what I get for buying #AppleWatchSeries3. And your support here tells me there is no problem with the watch! https://t.co/z5eW7C4pKv,,apple_watch_problem,apple_watch_problem,,KEEP,apple_watch_problem,,apple_watch_problem
65,177860,"@AppleSupport is there any reason why my iPad and now my iPhone just randomly shutdown for no reason, first time it’s ever happened, and when I go to turn it on it says low battery, but it was on 98%",,battery_problem,battery_problem,,CHANGE,battery_problem,Unexpected shutdown with the phone reporting low battery despite 98% is power/battery behavior.,battery_problem
66,121554,@AppleSupport It happens with any app and all my apps are updated til now.,"@143063 Thanks for letting us know, we're happy to help. Do you notice this occurs more often with a specific app or any? Also, are you showing any updates of the app in the App Store? Let us know and we'll continue to assist.",app_problem,app_problem,,CHANGE,device_performance_crash,"The customer explicitly says the issue happens with any/all apps, so it is system-wide rather than a specific app.",device_performance_crash
67,41711,"@AppleSupport just upgraded to 11.1, and had 50% battery drain on iPhone 6 during my bike ride to work (1 hour).  This is unacceptable",,battery_problem,battery_problem,,KEEP,battery_problem,,battery_problem
68,235842,"@AppleSupport hi! Is this an official apple email? If so, I didn’t buy anything that’s on this receipt! 😱😱 https://t.co/hzlwX5xX87",,purchase_order_billing,purchase_order_billing,,KEEP,purchase_order_billing,,purchase_order_billing
69,260451,@177975 @115858 Or the issue of my phone running slow as molasses making it take 3 mins to send an “ok” text or it being hot as FIRE all damn day long.,I don’t see the fix for “sucking the life out of my battery with these updates” issue... @115858 https://t.co/Wtz3xPevpW,messaging_facetime_problem,messaging_facetime_problem,,CHANGE,device_performance_crash,The primary complaint is phone-wide slowness/heat; slow texting is a secondary manifestation.,device_performance_crash
70,48012,@AppleSupport the letter i is broken https://t.co/bawyLJeACD,,hardware_device_problem,hardware_device_problem,,CHANGE,keyboard_input_problem,'The letter i is broken' in this dataset refers to the known typing/autocorrect issue; this is keyboard input.,keyboard_input_problem
71,97025,"Ever since I upgraded to High Sierra, my media controls on the keyboard don’t work with iTunes. Please help or fix it @AppleSupport",,keyboard_input_problem,keyboard_input_problem,,KEEP,keyboard_input_problem,,keyboard_input_problem
72,149954,"Ok. @AppleSupport what is going on with iOS11.x?!

Phone rebooted and it booted up straight into lockout mode. 

What the fsck is going on over there? 

Seriously…

Every iOS11.x update has broken something new. 

What. The. Fsck.

#iWantMyiPhoneBack https://t.co/CPPBJCfiY1",,hardware_device_problem,hardware_device_problem,,CHANGE,device_performance_crash,The phone rebooting into lockout mode after updates is a system/device failure; hardware damage is not stated.,device_performance_crash
73,41549,@AppleSupport iOS 11.1,@125134 Hello. We are to help. Please provide us with the specific version of iOS that you have from Settings&gt; General&gt; About.,ios_update_problem,ios_update_problem,,KEEP,ios_update_problem,,ios_update_problem
74,116005,"@141835 @115858 This last update was utter garbage. Crucified my battery life, made everything wobbly and obnoxious, messed with the touch screen accuracy 👎🏻",Hey @115858 why has my iPhone deleted most of my contact names or stuck a ‘maybe’ next to people WHO WERE IN MY PHONE JUST FINE BEFORE THE LAST UPDATE WTF. https://t.co/zIK76a3wOK,battery_problem,battery_problem,,CHANGE,device_performance_crash,The message describes multiple system symptoms; the broad system-performance issue is primary.,device_performance_crash
75,252877,@AppleSupport Hi. Where do I find my Wish List in the updated App Store on iOS11?,,app_problem,app_problem,,KEEP,app_problem,,app_problem
76,98855,@AppleSupport  why does this only happen with the Mail app? It’s annoying https://t.co/iPOS51R0yD,,app_problem,app_problem,,KEEP,app_problem,,app_problem
77,35262,"@AppleSupport I got refunded for an in app purchase on Monday &amp; got a conformation email, but there’s no sign of it in my account yet...",,apple_id_account_problem,apple_id_account_problem,,CHANGE,purchase_order_billing,"The problem is a missing refund from an in-app purchase, which is a transaction/refund issue.",purchase_order_billing
78,116044,"@AppleSupport My Iphone 7+ has screen touch issues when it’s plugged up! And yes, I do have an apple brand charger. Help me bc it’s driving me crazy. Same for my macbook, but my charger isn’t apple brand for the laptop. 😐 help before I die plz.",,hardware_device_problem,hardware_device_problem,,KEEP,hardware_device_problem,,hardware_device_problem
79,208953,Yo @115858 WTF is with this auto WiFi and Bluetooth connection... it’s mad annoying!!!,,connectivity_problem,connectivity_problem,,KEEP,connectivity_problem,,connectivity_problem
80,103164,Hey @AppleSupport why can’t I scroll to accept this developer agreement in Safari on iOS? Can’t get the accept button to show up. https://t.co/hanri9HS6H,,app_problem,app_problem,,CHANGE,app_problem,Safari is the specific app where the developer-agreement UI fails.,app_problem
81,237627,Why does stopwatch keep coming up in my Apple Watch? @115858 - fix this oddity,,apple_watch_problem,apple_watch_problem,,KEEP,apple_watch_problem,,apple_watch_problem
82,188515,"@AppleSupport Crashing on safari, notes, photos &amp; videos, viva, messenger &amp; fb. Thank you","@160244 We can offer some assistance. Is this happening with third-party apps, built-in/Apple apps, or both?",icloud_media_storage_problem,icloud_media_storage_problem,,CHANGE,device_performance_crash,"Multiple apps crash, including built-in and third-party apps; this is system-wide crash behavior.",device_performance_crash
83,199413,My iPhone’s 7 battery was working perfect until @115858 release IOS 11 and new iPhones. Pretty sure they released a bug to force upgrade.,,battery_problem,battery_problem,,KEEP,battery_problem,,battery_problem
84,233955,@AppleSupport the price shown is 690 but was on offer for under 300 Taking a screenshot accidently bought it.refund. email support is high https://t.co/XbdpIG3kPx,,purchase_order_billing,purchase_order_billing,,KEEP,purchase_order_billing,,purchase_order_billing
85,87151,"@AppleSupport heb half jaar nieuwe #MacBook en dan dit probleem met #toetsenbord. Contact gehad met jullie supportchat. Zij kunnen niets doen, advies: MacBook opsturen, 4-6 weken kwijt, onduidelijk of t in garantie is. Ik kan MacBook niet zo lang kwijt. Weten jullie meer?",,other_unknown,other_unknown,,CHANGE,hardware_device_problem,The MacBook keyboard has physical key problems and the issue concerns repair/warranty; this is hardware.,hardware_device_problem
86,119518,@AppleSupport if you accidentally text a number that you've blocked will that message be received by them?,,messaging_facetime_problem,messaging_facetime_problem,,KEEP,messaging_facetime_problem,,messaging_facetime_problem
87,258913,@AppleSupport Yes I did and did it several times ever since. I already had the problem for the last update and had to do it through iTunes...,@177558 We'll be happy to help you update. Did you restart your device after leaving the beta program?,ios_update_problem,ios_update_problem,,KEEP,ios_update_problem,,ios_update_problem
88,43192,"@AppleSupport I got my iphone 7 9 months ago. Since the ios 11 update I have to charge it twice a day, I get no more than 3/4hs of total usage before battery drains out. I love you apple, but please fix this!",,battery_problem,battery_problem,,KEEP,battery_problem,,battery_problem
89,56996,@AppleSupport Yes full service on both,@128911 Let's look into this together. Is this happening on Wi-Fi and cellular?,other_unknown,other_unknown,,KEEP,other_unknown,,other_unknown
90,87150,"@AppleSupport I had contact with chat support before, they could not help me. My letter e and s on the keyboard are almost gone, MacBook is just 8 months old. Unclear about guarantees and repair costs 4-6 weeks! 😢",@135070  We offer support via Twitter in English. Contact us for help in your preferred language here: https://t.co/IBIY3vMgPj,keyboard_input_problem,keyboard_input_problem,,KEEP,keyboard_input_problem,,keyboard_input_problem
91,238925,"Hello @AppleSupport I have an issue unlocking my Apple ID , can't remember two of my security questions and the email method is not working",,apple_id_account_problem,apple_id_account_problem,,KEEP,apple_id_account_problem,,apple_id_account_problem
92,233957,@AppleSupport Help me 😭 it won't stop freezing,@171705 We'd love to help with any issues you're having. Let us know what's going on. We'll get to the bottom of it together.,device_performance_crash,device_performance_crash,,KEEP,device_performance_crash,,device_performance_crash
93,92547,"Is it just me or do others experience problems with people hearing you when calling on your iPhone?! Or maybe we’re not supposed to speak on phones anymore!! Mine’s a new 7, so not impressed @115858 @AppleSupport 😡",,connectivity_problem,connectivity_problem,,KEEP,connectivity_problem,,connectivity_problem
94,112856,"Hey @AppleSupport 11.2.1 is killing my battery- big time. iPhone 6s+ I used to make it to 3 pm and still have 80%. I’m below 40 already (3:15). And no, I don’t use the @126972 app.",,battery_problem,battery_problem,,KEEP,battery_problem,,battery_problem
95,149963,"@AppleSupport iOS 11.1.1
watchOS 4.1
But it happened for the first time a while ago https://t.co/DQ2V4UNEV5 in that opportunity I followed your tips (unpair, repair, etc)",@118246 Hi. We are here to help. To get started what version of OS do you have?,apple_watch_problem,apple_watch_problem,,KEEP,apple_watch_problem,,apple_watch_problem
96,156023,@AppleSupport I need help with something related to iTunes :) can you help?,,other_unknown,other_unknown,,KEEP,other_unknown,,other_unknown
97,157768,"@AppleSupport Thank you for your answer. I am using iPad mini 2, with iOS 11.1.2.",@152253 Thanks for the mention. We're glad you reached out. So that we’re sure to be on the same page could you let us know which type of device you are working on? The operating system version will be helpful as well.,ios_update_problem,ios_update_problem,,CHANGE,other_unknown,This only supplies device/OS version and does not state the underlying support problem.,other_unknown
98,260859,AppleTV3 refuses to sign into iTunes. Cannot buy or watch movies. Sort it out @AppleSupport,,apple_watch_problem,apple_watch_problem,,CHANGE,other_unknown,Apple TV/iTunes is outside the frozen 13-intent taxonomy.,other_unknown
99,110871,@AppleSupport None of the above. I just tried to check my emails and a message popped up saying that the Mac couldn’t login to the email address and the account.,@140658 We'd love to assist. Was a new password created as part of the update? Or a new user account?,apple_id_account_problem,apple_id_account_problem,,KEEP,apple_id_account_problem,,apple_id_account_problem
100,178646,"Dear @AppleSupport,
I noticed the video in App Store when it’s viewed in full screen, it gives me only 6 seconds of the video and re loops",,app_problem,app_problem,,KEEP,app_problem,,app_problem
101,155946,"@AppleSupport went away to diff time zone. Left watch home &amp; off. Came back, phone had auto changed time correctly. Watch on &amp; hour behind. Have tried to sync. Can’t correct time. Settings?",,apple_watch_problem,apple_watch_problem,,KEEP,apple_watch_problem,,apple_watch_problem
102,162736,@115858 why does my iphone die when its at 50% battery and i open snapchat .. its extremely frustrating 😩,,battery_problem,battery_problem,,KEEP,battery_problem,,battery_problem
103,4877,@AppleSupport Restarting does resolve the issue. Thanks.,@116855 We want to help. Does restarting help at all? DM us which iOS version you're on and we'll continue support there. https://t.co/GDrqU22YpT,device_performance_crash,device_performance_crash,,KEEP,device_performance_crash,,device_performance_crash
104,187914,"@AppleSupport Were not friends so can’t dm. Welcome to Twitter. Responsiveness is erratic. Touch, swipe, 3D Touch. Apps and springboard freeze or glitch.",@160097 We'd like to help. Please DM details to the issue you're experiencing on your iPhone 6s and we'll go from there. https://t.co/GDrqU22YpT,device_performance_crash,device_performance_crash,,KEEP,device_performance_crash,,device_performance_crash
105,148077,@AppleSupport how do I stop my WiFi from automatically connecting to a network by itself?,,connectivity_problem,connectivity_problem,,KEEP,connectivity_problem,,connectivity_problem
106,44616,@115858 fix yourself so that my phone stops freezing up,,device_performance_crash,device_performance_crash,,KEEP,device_performance_crash,,device_performance_crash
107,38244,@AppleSupport after updating my Apple Watch series 2 to WatchOS 4.1 battery is draining a lot faster.,,apple_watch_problem,apple_watch_problem,,KEEP,apple_watch_problem,,apple_watch_problem
108,97011,@137175 I had to disable my spell check. IT was driving me INSANE #DoBetterApple @AppleSupport @115858,Apple really needs to do better. First with the hieroglyphics now they change it to I.T . Why would that be the correct spelling? Huh Apple? 🙄,keyboard_input_problem,keyboard_input_problem,,KEEP,keyboard_input_problem,,keyboard_input_problem
109,249169,"@AppleSupport having constant problems downloading podcasts to the ""My Podcast"""" app.  I've tried deleting and re-downloading several times.""",,app_problem,app_problem,,KEEP,app_problem,,app_problem
110,277533,@AppleSupport my rear facing camera in my iPhone 6s isn’t working. I’ve restarted my phone 3 times and closed and re opened apps. Why?,,device_performance_crash,device_performance_crash,,CHANGE,app_problem,Rear camera is a specific device function/app malfunction; repeated restarts are troubleshooting attempts.,app_problem
111,118064,@AppleSupport i am using ios 11.1.2,"@142178 We'd be happy to see how we can help with AirDrop and transferring your videos. To start, can you tell us which iPhone and iOS version you're using? You can find the version by going to Settings &gt; General &gt; About &gt; Version.",ios_update_problem,ios_update_problem,,CHANGE,other_unknown,Only an iOS version is supplied; without the preceding problem it is context-only.,other_unknown
112,242732,"@AppleSupport Obviously. I've been using if for a while for my indoor workouts; used it for an outdoor workout once on Monday, and now it's wonky","@173662 We'd like to help. Before doing exercise, did you select the appropriate workout, as seen here: https://t.co/ik0A8dg7Jt",apple_watch_problem,apple_watch_problem,,KEEP,apple_watch_problem,,apple_watch_problem
113,148293,@118845 where can I get replacement pads for my beats studio wireless in India?,,other_unknown,other_unknown,,KEEP,other_unknown,,other_unknown
114,245314,"@AppleSupport Yes, i restarted my device and now all is running ok 👌🏼 thanks!!!",@174245 We'd be happy to look into this with you. Have you restarted your device since this issue has happened?,device_performance_crash,device_performance_crash,,CHANGE,other_unknown,"This is a resolved follow-up after restarting; without the underlying symptom in the supplied context, intent cannot be determined.",other_unknown
115,199421,"@AppleSupport Yup I have!! It still hangs, what do I do? Also, I have photos from 2015 that appear in the recent ones on my camera roll. Pls help","@163012 Let's look into this together. First of all, have you updated to iOS 11.0.2 yet?https://t.co/80YRnjDFDk",icloud_media_storage_problem,icloud_media_storage_problem,,CHANGE,device_performance_crash,The customer explicitly says 'it still hangs'; the photo ordering issue is secondary.,device_performance_crash
116,82035,"@115858 please fix where whenever you open an app, besides music, or get a notification the music playback stops.",,app_problem,app_problem,,KEEP,app_problem,,app_problem
117,265037,IOS 11 is a waste of time right now. Where does my keyboard keep going? And my apps keep crashing @AppleSupport what's going on?,,keyboard_input_problem,keyboard_input_problem,,CHANGE,keyboard_input_problem,Keyboard disappearance is a direct keyboard/input problem; app crashes are secondary.,keyboard_input_problem
118,240528,"#ios1102 battery drain 
Any help here @115858",,battery_problem,battery_problem,,KEEP,battery_problem,,battery_problem
119,229217,@AppleSupport I never had this issue on iOS 10,"@170664 Got it. Next, can you please tell us how often does this issue occur?",ios_update_problem,ios_update_problem,,CHANGE,other_unknown,"Only says the issue did not occur on iOS 10; without the underlying issue, intent is unclear.",other_unknown
120,196124,"@AppleSupport Yes, I do. But it asks me for the password each time, and then it fails. I ultimately set it up somehow, but it's missing all my health data","@162146 iCloud and Encrypted iTunes backups will restore your Health data, yes. Do you have an iCloud backup you can restore?",apple_id_account_problem,apple_id_account_problem,,KEEP,apple_id_account_problem,,apple_id_account_problem
121,215804,@AppleSupport - iOS 11 &amp; .1 terrible! Battery life drops quicker than pound did after Brexit referendum! &amp; it crashes more than bumper cars!,,battery_problem,battery_problem,,CHANGE,battery_problem,Battery life is an explicit primary symptom; crashing is secondary.,battery_problem
122,57496,@AppleSupport Works fine with WiFi which is why I tagged Verizon too.,@129044 We're happy to help. Do you get the same error when trying to access our App Store using a Wi-Fi network?,connectivity_problem,connectivity_problem,,KEEP,connectivity_problem,,connectivity_problem
123,255776,@AppleSupport Currently using IOS 11.0,@176837 Thanks for following up. Are you using iOS 11.0.2?,ios_update_problem,ios_update_problem,,CHANGE,other_unknown,Only provides the current iOS version.,other_unknown
124,109024,@AppleSupport iOS 11.1,@140196 We'd love to help out.  What iOS version is your device currently on?,ios_update_problem,ios_update_problem,,CHANGE,other_unknown,Only provides an iOS version in context; no problem stated.,other_unknown
125,257723,"@AppleSupport No, no error messages - I just have to constantly enter &amp; re-enter my AppleID and my password",@177306 We're happy to help with your Apple Music. What happens when you try to log in? Do you get an error message?,apple_id_account_problem,apple_id_account_problem,,KEEP,apple_id_account_problem,,apple_id_account_problem
126,174936,@AppleSupport I don’t want to use your iCloud. I do I make it so you can’t keep reminding me to sign in. If it keeps happening I’ll just switch companies https://t.co/yYHXpJoSAN,,apple_id_account_problem,apple_id_account_problem,,KEEP,apple_id_account_problem,,apple_id_account_problem
127,58162,@AppleSupport hi I need your help on restoring my purchase,,purchase_order_billing,purchase_order_billing,,CHANGE,purchase_order_billing,Restoring a purchase is a transaction/purchase issue.,purchase_order_billing
128,261292,Every update is more and more glitchy. Damnit @115858! I’m getting the new iPhone. You don’t have to do this.,,device_performance_crash,device_performance_crash,,CHANGE,other_unknown,General complaint about updates/glitches with no specific primary symptom.,other_unknown
129,242598,"@115858 since updating last time, my text messaging keeps messing up. “New” message feature disappears, and can’t see complete messages",,messaging_facetime_problem,messaging_facetime_problem,,KEEP,messaging_facetime_problem,,messaging_facetime_problem
130,245320,Luuuuv updating my phone and having my battery drop from 100% to 25% in 30 minutes:~))))) @115858,,battery_problem,battery_problem,,KEEP,battery_problem,,battery_problem
131,81969,@AppleSupport 6s + and version 11.1.2 but this ain’t the first time it’s happened.,@134135 This is not normal. We'd be happy to look into this with you. Can you provide us which device and iOS version you're using? This can be located in Settings &gt; General &gt; About &gt; Version.,ios_update_problem,ios_update_problem,,CHANGE,other_unknown,Only gives device/version and says it happened before; underlying issue is missing.,other_unknown
132,241463,@173329 @115858 Seriously battery has become major issue,Dear @115858 . iOS 11 is fucking up my iPhone 6S Plus. Have never experienced so much software shittiness on iPhone in 2 years of ownership,battery_problem,battery_problem,,KEEP,battery_problem,,battery_problem
133,235829,@AppleSupport I have 2 fingerprints installed and it happens with all. Also got this error message https://t.co/wvXmcJvGdG,"@172173 Let's work on this together. Do you have multiple fingerprints enrolled? If so, does this happen with every fingerprint?",messaging_facetime_problem,messaging_facetime_problem,,CHANGE,other_unknown,Fingerprints and an error message are insufficient to identify a frozen intent.,other_unknown
134,6690,@AppleSupport My phone froze. Had to restart to fix. What’s happening after iOS 11 update.,"Introducing the new Control Center in iOS 11. Now customizable.
Learn more https://t.co/fCNsZCyS3P https://t.co/WiFGzhh3AZ",device_performance_crash,device_performance_crash,,KEEP,device_performance_crash,,device_performance_crash
135,199409,@AppleSupport  after 11.01 update my battery 50% low in 2-3 hours. What happened ?,,battery_problem,battery_problem,,KEEP,battery_problem,,battery_problem
136,57519,@AppleSupport And then it actually locks with a blank screen,@129051 Does this happen immediately after you power on your device or when you open a particular app or feature?,hardware_device_problem,hardware_device_problem,,CHANGE,other_unknown,Blank screen/locking behavior is insufficient to distinguish hardware from software without more context.,other_unknown
137,110869,So I ran a 5k today but my watch didn’t record it as a 5k :( #applewatch #apple @AppleSupport https://t.co/PyRRSz4n3g,,apple_watch_problem,apple_watch_problem,,KEEP,apple_watch_problem,,apple_watch_problem
138,208189,@AppleSupport ios 11.0.1 can’t connect bluetooth to my car’s head unit. Will wait for your reply.,,connectivity_problem,connectivity_problem,,KEEP,connectivity_problem,,connectivity_problem
139,235301,"Hey @AppleSupport , a new line of text typed in iMessage or WhatsApp dissapears behind keyboard in iOS 11 on my 6S. Aware of this problem?",,keyboard_input_problem,keyboard_input_problem,,KEEP,keyboard_input_problem,,keyboard_input_problem
140,105441,"@AppleSupport so. i hate updates. ive rebooted iphone 6  37 times now &amp; still the screen freezes. i cant answer calls, send or read texts, et al.this is the worst it’s ever been. i cant deal. ready to ditch Apple aftr 20 yrs",,hardware_device_problem,hardware_device_problem,,CHANGE,device_performance_crash,The phone screen freezes and multiple core functions stop responding; no physical damage is described.,device_performance_crash
141,105434,@AppleSupport It’s usually a site trying to process a payment. I’m on High Sierra.,"@139291 We'd love to help you with Safari. Can you tell us more details of what's happening with the websites? Are some websites not loading at all? Also, what's the version of macOS installed?",purchase_order_billing,purchase_order_billing,,CHANGE,other_unknown,"A site trying to process a payment is mentioned, but the actual support issue is unclear from the isolated message/context.",other_unknown
142,119453,Why the hell does Apple provide regular corded earphones with the iPhone 8 when they can’t be used unless I buy a connecter? So annoying! 😤 @AppleSupport,,purchase_order_billing,purchase_order_billing,,CHANGE,other_unknown,Accessory/earphone compatibility complaint does not fit the frozen taxonomy.,other_unknown
143,151540,"@AppleSupport Bought a laptop a week ago, do I have to return and re-buy to get the gift card offered today?  Any other way to avoid putting a now used laptop back into your system?",,purchase_order_billing,purchase_order_billing,,KEEP,purchase_order_billing,,purchase_order_billing
144,162833,@AppleSupport it is just so pathetic the colour of iPhone 7 Plus starts fading within one month inspite of using cover. For what the heck do you guys charge 55k. Shame on you local Indian brands also don’t give such quality!!!,,battery_problem,battery_problem,,CHANGE,hardware_device_problem,"Physical finish/color fading is a hardware/device quality issue, not battery.",hardware_device_problem
145,87001,tell me when will you send your god damn confirmation message. ı cant use my blasted phone. would you like help me ? @AppleSupport,,messaging_facetime_problem,messaging_facetime_problem,,CHANGE,other_unknown,"The 'confirmation message' is too vague to determine whether this is messaging, billing, or another issue.",other_unknown
146,249299,Just watched my battery meter go from 52% to 17% in ten minutes while not using it. Nothing running in the background. @AppleSupport @115858 why do you program phone to do this after they reach a certain age??,,battery_problem,battery_problem,,KEEP,battery_problem,,battery_problem
147,105374,"@AppleSupport my watch is running really slow, it’s up to date, I’ve restarted it, turned it on and off, not sure what else I can do?",,apple_watch_problem,apple_watch_problem,,KEEP,apple_watch_problem,,apple_watch_problem
148,62281,"@AppleSupport No, just the Apple weather app and the Apple weather widget","@130266 Just to confirm, are you using a third party app called 'The Weather Channel'?",app_problem,app_problem,,KEEP,app_problem,,app_problem
149,56993,It's happening not just in iMessage and sometimes appears correct on my phone but not my computer???? @applesupport HELP,"Ummm is anyone else experiencing this phenomenon of ""I""""s becoming a strange symbol??? https://t.co/7SQBHWdWA6""",messaging_facetime_problem,messaging_facetime_problem,,CHANGE,keyboard_input_problem,Context explicitly identifies the 'I' character becoming a strange symbol; the iMessage mention is incidental.,keyboard_input_problem
150,11992,@115858 @AppleSupport your latest iOS update had made my phone slower and apps like iMessage are slow to open and load.  What’s up with this?,,messaging_facetime_problem,messaging_facetime_problem,,CHANGE,device_performance_crash,The complaint is that the phone and an app are slow after an update; broader phone slowness is primary.,device_performance_crash
151,8420,@AppleSupport Chat doesn’t seem to work in Germany. On the order page I cannot leave comments …,@117481 We want to help out. Look here to talk with our Online Support:  https://t.co/8yjRd1Xo0i,purchase_order_billing,purchase_order_billing,,KEEP,purchase_order_billing,,purchase_order_billing
152,53578,@AppleSupport can I buy Apple care if I got my iPhone from EE and asking as it’s within the time limit to buy?,,purchase_order_billing,purchase_order_billing,,KEEP,purchase_order_billing,,purchase_order_billing
153,14326,"Updated my phone last night &amp; now its stuck in headphone mode, cant hear anything on video, FaceTime &amp; call sound goes in&amp;out @AppleSupport",,messaging_facetime_problem,messaging_facetime_problem,,CHANGE,connectivity_problem,Call/FaceTime audio going in and out is primarily a communication/network issue.,connectivity_problem
154,165766,hi @AppleSupport i have a fully upgraded iphone SE.  why can’t i download or use the video app to watch even SD videos (on this device) that i already own?  why can i only watch them on my pc laptop *that cost less than this phone did*?,,apple_watch_problem,apple_watch_problem,,CHANGE,app_problem,The specific video app cannot download/play owned videos; Apple Watch is not involved.,app_problem
155,122303,"@AppleSupport, I completed a 3.7 mile walk workout today but didn’t get my Thanksgiving achievement. https://t.co/1CeL6XH6z6",,apple_watch_problem,apple_watch_problem,,KEEP,apple_watch_problem,,apple_watch_problem
156,199427,@AppleSupport I saw the iPhone X bar on the keyboard at the bottom of my iPhone as shown in the photo shared,@163014 You're in the right place for help. May we get a description of the issue you're having?,keyboard_input_problem,keyboard_input_problem,,KEEP,keyboard_input_problem,,keyboard_input_problem
157,62241,@AppleSupport No I don’t &amp; I have the latest update,"@130254 Alright, just to confirm, what iOS version are you currently on?  Do you have any missed notifications after this occurs?",ios_update_problem,ios_update_problem,,CHANGE,other_unknown,This is a context-dependent statement that the latest update is installed; the underlying issue is not stated.,other_unknown
158,105400,@AppleSupport Why is my iPhone X’s screen still freezing? I thought the last update was supposed to fix it??,,hardware_device_problem,hardware_device_problem,,CHANGE,device_performance_crash,"The screen is freezing; the update is context/cause, not evidence of physical hardware failure.",device_performance_crash
159,31438,"@AppleSupport Yes, same thing. Its not working. I'm trying on both my account and as a guest. It says both times that I do not have access.","@122933 You can follow the steps listed in ""Cancel Order"""" section to have this canceled: https://t.co/jr7MZtpSNY""",apple_id_account_problem,apple_id_account_problem,,CHANGE,purchase_order_billing,Context is explicitly about cancelling an order; account/guest access is part of the order process.,purchase_order_billing
160,103240,Why did all my pictures just delete from my phone. WTF just happened @AppleSupport,,icloud_media_storage_problem,icloud_media_storage_problem,,KEEP,icloud_media_storage_problem,,icloud_media_storage_problem
161,115985,@AppleSupport Stuff that’s not in chronological order. It’s just nowhere as user friendly as before,"@141828 We're here to help! Swipe up to access the sleep timer per this page: https://t.co/bO8AbJKuc3 As for not finding episodes, what do you see in the Library tab?",purchase_order_billing,purchase_order_billing,,CHANGE,app_problem,"Context indicates difficulty finding episodes/library items; this is an app usability/function issue, not a purchase.",app_problem
162,42618,@AppleSupport my iPhone 8 lock screen music controls always freeze specifically the elapsed time of a song I can still control. Visual bug,,hardware_device_problem,hardware_device_problem,,CHANGE,other_unknown,A visual elapsed-time bug in lock-screen music controls does not clearly fit the frozen taxonomy.,other_unknown
163,187924,It’s time for another software update @115858! I’m ready to throw my phone in the trash,,ios_update_problem,ios_update_problem,,KEEP,ios_update_problem,,ios_update_problem
164,31931,@AppleSupport Can I pay for  Care + online with an Apple Store gift card or do I have go into the store?,,purchase_order_billing,purchase_order_billing,,KEEP,purchase_order_billing,,purchase_order_billing
165,31929,Okay @115858 fix this shit! I’m tired of seeing these boxes when I’m typing an I.,,keyboard_input_problem,keyboard_input_problem,,KEEP,keyboard_input_problem,,keyboard_input_problem
166,56985,"@115858 @AppleSupport how do I get my keyboard to STOP auto correcting the letter ""I️"""" to a symbol. See attached photo. https://t.co/SpXE0xFHvi""",,keyboard_input_problem,keyboard_input_problem,,KEEP,keyboard_input_problem,,keyboard_input_problem
167,146806,"Awesome new iPhone safety feature @115858 @AppleSupport 😍 Woukd be very impressed and intrigued to see statistics of how this works. Where can I find these? Best upgrade I’ve seen so far but don’t like the feature of all my data on it DOB, shipping address etc can I remove this? https://t.co/MHDDBrhUtd",,connectivity_problem,connectivity_problem,,CHANGE,other_unknown,"This is a general feature/privacy-information question, outside the frozen support-intent categories.",other_unknown
168,195912,@AppleSupport  I’m on 11.0.2. No matter how many time I reset the settings or restart the phone my autocorrect etc wont work. Any fixes?,,keyboard_input_problem,keyboard_input_problem,,KEEP,keyboard_input_problem,,keyboard_input_problem
169,54451,Updated my phone and still see boxes with question marks WHYYYY @115858,,other_unknown,other_unknown,,CHANGE,keyboard_input_problem,Question boxes after an update are the known text/character rendering/typing issue; update is causal context.,keyboard_input_problem
170,184439,"@115858 there are some weird ass bugs in this iOS on the iPhone 8+. Some characters don’t appear properly (my last tweet, 4 example) &amp; sometimes the keyboard disappears when I’m in the messaging app.",,keyboard_input_problem,keyboard_input_problem,,KEEP,keyboard_input_problem,,keyboard_input_problem
171,43347,@AppleSupport My phone just lost 50% battery in 5 minutes with only Twitter open. It's an iPhone 5 (MD638LL/A) running iOS 10.3.3 (14G60),,battery_problem,battery_problem,,KEEP,battery_problem,,battery_problem
172,246316,@AppleSupport You have an issue with WhatsApp “type a message” box experiences in iPhone 7. It goes only after switching the mobile,@174514 We can help get you to the right place to make your suggestion. Provide your feedback here:  https://t.co/eTPVYVFyd8,messaging_facetime_problem,messaging_facetime_problem,,KEEP,messaging_facetime_problem,,messaging_facetime_problem
173,40528,"@AppleSupport Other site works on Safari, and at the same time icloud login also works perfectly fine in Chrome","@AppleSupport On Safari it gives me connection error, after entering 2FA password and trusting the browser dialogs. I get a similar error in iCloud prefs https://t.co/LXiPTSfT8K",apple_id_account_problem,apple_id_account_problem,,KEEP,apple_id_account_problem,,apple_id_account_problem
174,101285,Anybody else getting really annoyed with trying to type “it” and constantly having it autocorrect to I.T ???? What’s good with that @115858 ???,,keyboard_input_problem,keyboard_input_problem,,KEEP,keyboard_input_problem,,keyboard_input_problem
175,110864,@AppleSupport I’m on the latest version,@140657 Thanks. Let's go ahead and update the watchOS next as outlined here: https://t.co/s6t9pl6tpv Let us know when you've completed that via DM. https://t.co/GDrqU22YpT,ios_update_problem,ios_update_problem,,CHANGE,other_unknown,Only states that the latest version is installed; underlying issue is missing.,other_unknown
176,38217,"@AppleSupport I’m complaining on Twitter because phone support was not useful and disrespectful with me, 1st time after 15 years, times’re changing @115858",@124301 We offer support via Twitter in English. Get help in Spanish here: https://t.co/IBIY3vMgPj or join https://t.co/OczyRx7IOs,other_unknown,other_unknown,,KEEP,other_unknown,,other_unknown
177,248184,"@AppleSupport Hi Apple! After your IOS 11.0.2,My video player cannot turned into landscape.It turns half of my screen ! I need help !! https://t.co/zV5zhiZTZ0",,hardware_device_problem,hardware_device_problem,,CHANGE,app_problem,Video player orientation/landscape behavior is a specific video-player/app function issue.,app_problem
178,35209,"I don’t know if it’s either my #iPhone 6 or The new #iOS update I installed yesterday but, my battery had been draining out! #Apple @115858",,battery_problem,battery_problem,,KEEP,battery_problem,,battery_problem
179,146791,@AppleSupport Yes. And latest version,"@149323 Has the device been restarted since it happened? If not, let's do that using these steps: https://t.co/OWRDHWSt4h 

Do you know what version of the iOS is on the device? You can check under Settings &gt; General &gt; About &gt; Version.",ios_update_problem,ios_update_problem,,CHANGE,other_unknown,Only says the latest version; without the underlying issue it is context-only.,other_unknown
180,252768,Ok but seriously.... how do I️ get my #iphone to stop turning all my “i “s into this I️ @115858 #Help,,other_unknown,other_unknown,,KEEP,other_unknown,,other_unknown
181,188320,Great job Apple!Now I cannot use Beats Powerbeats for my daily workout as they could get wet and just turn off and no repair @AppleSupport,,apple_watch_problem,apple_watch_problem,,CHANGE,other_unknown,Beats Powerbeats are outside the frozen AppleSupport taxonomy and are not Apple Watch.,other_unknown
182,50871,Getting a glitch on iOS 11.1 where my home button is functioning as media keys for playback on music. This is annoying. (cc:@115858),,keyboard_input_problem,keyboard_input_problem,,CHANGE,other_unknown,Home button acting as media keys is a device-control/UI behavior not covered by the frozen taxonomy.,other_unknown
183,90990,"@AppleSupport hello, my iPhone 7 keeps crashing? Help",,device_performance_crash,device_performance_crash,,KEEP,device_performance_crash,,device_performance_crash
184,123123,"@AppleSupport Stops as soon as I scroll over a video (not clicking it, video has no sound playing but is auto playing)

However, tapping a video to full screen followed by closing it appears to have fixed the issue for now. 

A stray “video start” event?","@143499 We'd like to know more to assist. Which iOS are you currently using? Also, we'd like to clarify do your podcasts and music stop playback when opening the Twitter app? Let us know the details and we'll continue.",hardware_device_problem,hardware_device_problem,,CHANGE,app_problem,The issue occurs when scrolling over a video and the context discusses Twitter; this is a specific app/media playback issue.,app_problem
185,268224,"@AppleSupport Yes, tried repairing the HD etc have restarted many times.",@179958 We want to ensure you can update. Since getting this error have you quit the installation to restart and test again?,device_performance_crash,device_performance_crash,,CHANGE,ios_update_problem,Context explicitly says Apple Support is troubleshooting an installation/update error; restarting and HD repair are attempts to resolve it.,ios_update_problem
186,243322,My question was: Why keep the wi-fi (and Bluetooth) going on once I switched them off? @AppleSupport https://t.co/shktfG16s4,,connectivity_problem,connectivity_problem,,KEEP,connectivity_problem,,connectivity_problem
187,58847,"@AppleSupport 4G. In fact, my internet connection was used to create this tweet at the time so I have to assume the network was not the cause.",@129401 Thank you for reaching out to us. Are you also experiencing this when you're connected to Wi-Fi?,connectivity_problem,connectivity_problem,,KEEP,connectivity_problem,,connectivity_problem
188,199445,"@AppleSupport yeah i am, it won’t let me skip or turn up. also it doesn’t show up when i use spotify","@163018 Are you playing a song when you see this interface? Additionally, we'd recommend backing up and updating to iOS 11.0.2.",app_problem,app_problem,,KEEP,app_problem,,app_problem
189,110905,Why aren’t my messages going thruuuu @AppleSupport https://t.co/3M38evL4W5,,messaging_facetime_problem,messaging_facetime_problem,,KEEP,messaging_facetime_problem,,messaging_facetime_problem
190,154490,"Wait one minute @115858, I like being able to screenshot a photo and crop it at the same time. Why take that away with the latest update????",,icloud_media_storage_problem,icloud_media_storage_problem,,CHANGE,other_unknown,The complaint is about a screenshot editing UI change after an update; it does not cleanly fit the frozen taxonomy.,other_unknown
191,32359,@AppleSupport I meant auto renewing purchases per week or month like the FemaleFitness app for example,@123168 This resource should do the trick. Check out the steps under 'Turn on Automatic Downloads': https://t.co/2oRvemLiMD,app_problem,app_problem,,CHANGE,purchase_order_billing,The customer is asking about auto-renewing purchases/subscriptions; the transaction/billing aspect is primary.,purchase_order_billing
192,188645,"@AppleSupport It is now, all fixed! Thanks @AppleSupport","@160275 We know how important your music is, and we'll be happy to help. Is the iCloud Music Library on under Settings &gt; Music? DM us: https://t.co/GDrqU22YpT",other_unknown,other_unknown,,KEEP,other_unknown,,other_unknown
193,246514,"@AppleSupport Today... I was chatting and my bat was at 28 locked and 3 minutes later was about to reply, 10% then opened to twitted it Boom 2%",@174553  When did you first encounter the issue?,apple_id_account_problem,apple_id_account_problem,,CHANGE,battery_problem,The message clearly describes rapid battery percentage loss; the current Apple ID candidate is unrelated.,battery_problem
194,125009,"@AppleSupport mate, I lost a song that I buy, I don't know how it happen, can I get it back?",,purchase_order_billing,purchase_order_billing,,KEEP,purchase_order_billing,,purchase_order_billing
195,176997,"@AppleSupport Using Sierra, Photos V2.0. Making a calendar. How do I change the number of photos on the particular month? Example, there is one photo on the month now. I want, two or three or four. How do I do this?",,icloud_media_storage_problem,icloud_media_storage_problem,,CHANGE,app_problem,"This is a Photos application workflow/how-to question, rather than an iCloud/storage problem.",app_problem
196,39627,@AppleSupport Fixed. Wasn’t worm king with both until I went to work and connected to a WiFi that I haven’t been remembered by,@124668 We'd like to help with your iMessage issue. Are you connected to Wi-Fi or cellular data?,connectivity_problem,connectivity_problem,,KEEP,connectivity_problem,,connectivity_problem
197,45598,@AppleSupport iOS 11.1 + watchOS 4,@126098 We're here to help. Meet us in DM and we'll take a further look at this together. https://t.co/GDrqU22YpT,apple_watch_problem,apple_watch_problem,,KEEP,apple_watch_problem,,apple_watch_problem
198,264847,"@AppleSupport can Siri read text (like my Evernote page) to me? If not, where do I make a formal request?",,messaging_facetime_problem,messaging_facetime_problem,,CHANGE,other_unknown,Siri text-to-speech feature request is outside the frozen taxonomy.,other_unknown
199,90654,"@AppleSupport excuse me,
I'm got a refund confirmation email but nothing happened.
Do I have to do anythings?",,purchase_order_billing,purchase_order_billing,,KEEP,purchase_order_billing,,purchase_order_billing
200,119470,@AppleSupport I didn’t realize that by upgrading from my iPhone 6 to the new iPhone X I was loosing Bluetooth.  Any idea when I can return to life as I know it?,,connectivity_problem,connectivity_problem,,KEEP,connectivity_problem,,connectivity_problem
